"filename", "language", "HTML", "Properties", "Log", "JSON", "Markdown", "CSS", "XML", "JavaScript", "comment", "blank", "total"
"e:\users\SakumaYujin\Documents\GitHub\Nation_describe\.gitattributes", "Properties", 0, 1, 0, 0, 0, 0, 0, 0, 1, 1, 3
"e:\users\SakumaYujin\Documents\GitHub\Nation_describe\JPinform.json", "JSON", 0, 0, 0, 575, 0, 0, 0, 0, 0, 55, 630
"e:\users\SakumaYujin\Documents\GitHub\Nation_describe\README.md", "Markdown", 0, 0, 0, 0, 1, 0, 0, 0, 0, 2, 3
"e:\users\SakumaYujin\Documents\GitHub\Nation_describe\article-page.html", "HTML", 130, 0, 0, 0, 0, 0, 0, 0, 4, 10, 144
"e:\users\SakumaYujin\Documents\GitHub\Nation_describe\blog.html", "HTML", 37, 0, 0, 0, 0, 0, 0, 0, 2, 5, 44
"e:\users\SakumaYujin\Documents\GitHub\Nation_describe\css\article-page.css", "CSS", 0, 0, 0, 0, 0, 128, 0, 0, 1, 23, 152
"e:\users\SakumaYujin\Documents\GitHub\Nation_describe\css\blog-main.css", "CSS", 0, 0, 0, 0, 0, 11, 0, 0, 0, 0, 11
"e:\users\SakumaYujin\Documents\GitHub\Nation_describe\css\footer.css", "CSS", 0, 0, 0, 0, 0, 26, 0, 0, 0, 4, 30
"e:\users\SakumaYujin\Documents\GitHub\Nation_describe\css\header.css", "CSS", 0, 0, 0, 0, 0, 130, 0, 0, 3, 40, 173
"e:\users\SakumaYujin\Documents\GitHub\Nation_describe\css\index-main.css", "CSS", 0, 0, 0, 0, 0, 131, 0, 0, 1, 24, 156
"e:\users\SakumaYujin\Documents\GitHub\Nation_describe\css\map-main.css", "CSS", 0, 0, 0, 0, 0, 385, 0, 0, 13, 105, 503
"e:\users\SakumaYujin\Documents\GitHub\Nation_describe\css\map.css", "CSS", 0, 0, 0, 0, 0, 266, 0, 0, 7, 85, 358
"e:\users\SakumaYujin\Documents\GitHub\Nation_describe\css\root.css", "CSS", 0, 0, 0, 0, 0, 33, 0, 0, 6, 13, 52
"e:\users\SakumaYujin\Documents\GitHub\Nation_describe\css\spot-main.css", "CSS", 0, 0, 0, 0, 0, 128, 0, 0, 1, 23, 152
"e:\users\SakumaYujin\Documents\GitHub\Nation_describe\css\tips-main.css", "CSS", 0, 0, 0, 0, 0, 128, 0, 0, 1, 22, 151
"e:\users\SakumaYujin\Documents\GitHub\Nation_describe\debug.log", "Log", 0, 0, 39, 0, 0, 0, 0, 0, 0, 1, 40
"e:\users\SakumaYujin\Documents\GitHub\Nation_describe\footer.html", "HTML", 11, 0, 0, 0, 0, 0, 0, 0, 0, 6, 17
"e:\users\SakumaYujin\Documents\GitHub\Nation_describe\header.html", "HTML", 24, 0, 0, 0, 0, 0, 0, 0, 0, 6, 30
"e:\users\SakumaYujin\Documents\GitHub\Nation_describe\img\images.svg", "XML", 0, 0, 0, 0, 0, 0, 5, 0, 0, 0, 5
"e:\users\SakumaYujin\Documents\GitHub\Nation_describe\index.html", "HTML", 140, 0, 0, 0, 0, 0, 0, 0, 2, 8, 150
"e:\users\SakumaYujin\Documents\GitHub\Nation_describe\js\JPinform-E.js", "JavaScript", 0, 0, 0, 0, 0, 0, 0, 575, 0, 53, 628
"e:\users\SakumaYujin\Documents\GitHub\Nation_describe\js\map.js", "JavaScript", 0, 0, 0, 0, 0, 0, 0, 104, 0, 26, 130
"e:\users\SakumaYujin\Documents\GitHub\Nation_describe\js\operate.js", "JavaScript", 0, 0, 0, 0, 0, 0, 0, 5, 0, 1, 6
"e:\users\SakumaYujin\Documents\GitHub\Nation_describe\js\time.js", "JavaScript", 0, 0, 0, 0, 0, 0, 0, 43, 0, 14, 57
"e:\users\SakumaYujin\Documents\GitHub\Nation_describe\map.html", "HTML", 485, 0, 0, 0, 0, 0, 0, 0, 2, 23, 510
"e:\users\SakumaYujin\Documents\GitHub\Nation_describe\spot.html", "HTML", 128, 0, 0, 0, 0, 0, 0, 0, 4, 9, 141
"e:\users\SakumaYujin\Documents\GitHub\Nation_describe\tips.html", "HTML", 124, 0, 0, 0, 0, 0, 0, 0, 2, 6, 132
"Total", "-", 1079, 1, 39, 575, 1, 1366, 5, 727, 50, 565, 4408